USUBJID,SEX,RACE,BRTHDTC,RFSTDTC
VGS-DEMO-101-0001,M,WHITE,1950-06-06,2025-02-05
VGS-DEMO-101-0002,M,WHITE,1968-12-28,2025-01-11
VGS-DEMO-101-0003,M,BLACK OR AFRICAN AMERICAN,1949-05-05,2025-02-16
VGS-DEMO-101-0004,F,NATIVE HAWAIIAN OR OTHER PACIFIC ISLANDER,1980-06-19,2025-01-28
VGS-DEMO-101-0005,F,ASIAN,1999-08-20,2025-01-11
VGS-DEMO-101-0006,M,WHITE,1996-02-01,2025-01-20
VGS-DEMO-101-0007,U,WHITE,1958-09-10,2025-01-20
VGS-DEMO-101-0008,F,WHITE,1947-11-10,2025-01-12
VGS-DEMO-101-0009,M,AMERICAN INDIAN OR ALASKA NATIVE,1961-04-06,2025-02-04
VGS-DEMO-101-0010,M,ASIAN,1948-10-23,2025-02-16
VGS-DEMO-101-0011,F,ASIAN,1963-07-16,2025-02-19
VGS-DEMO-101-0012,M,AMERICAN INDIAN OR ALASKA NATIVE,1998-12-22,2025-02-06
VGS-DEMO-101-0013,F,WHITE,1999-04-10,2025-02-08
VGS-DEMO-101-0014,M,ASIAN,1972-01-09,2025-02-17
VGS-DEMO-101-0015,F,WHITE,1959-11-17,2025-02-03
VGS-DEMO-101-0016,F,AMERICAN INDIAN OR ALASKA NATIVE,1991-10-25,2025-01-09
VGS-DEMO-101-0017,M,NATIVE HAWAIIAN OR OTHER PACIFIC ISLANDER,1983-12-23,2025-01-20
VGS-DEMO-101-0018,F,ASIAN,1997-11-26,2025-02-16
VGS-DEMO-101-0019,F,ASIAN,1993-01-05,2025-02-04
VGS-DEMO-101-0020,M,ASIAN,1996-02-04,2025-02-12
VGS-DEMO-101-0021,M,NATIVE HAWAIIAN OR OTHER PACIFIC ISLANDER,1978-01-03,2025-02-08
VGS-DEMO-101-0022,F,AMERICAN INDIAN OR ALASKA NATIVE,1953-01-02,2025-01-27
VGS-DEMO-101-0023,M,ASIAN,1974-06-17,2025-02-04
VGS-DEMO-101-0024,M,NATIVE HAWAIIAN OR OTHER PACIFIC ISLANDER,1999-05-13,2025-01-19
VGS-DEMO-101-0025,M,WHITE,1966-09-11,2025-02-12
VGS-DEMO-101-0026,F,AMERICAN INDIAN OR ALASKA NATIVE,1951-01-15,2025-02-15
VGS-DEMO-101-0027,M,ASIAN,1981-12-15,2025-01-12
VGS-DEMO-101-0028,F,BLACK OR AFRICAN AMERICAN,1952-11-18,2025-01-14
VGS-DEMO-101-0029,F,ASIAN,1960-07-07,2025-02-14
VGS-DEMO-101-0030,M,AMERICAN INDIAN OR ALASKA NATIVE,1985-04-28,2025-02-15
VGS-DEMO-101-0031,F,BLACK OR AFRICAN AMERICAN,1951-08-28,2025-01-23
VGS-DEMO-101-0032,M,AMERICAN INDIAN OR ALASKA NATIVE,1981-07-05,2025-01-27
VGS-DEMO-101-0033,M,AMERICAN INDIAN OR ALASKA NATIVE,1958-10-01,2025-02-04
VGS-DEMO-101-0034,M,NATIVE HAWAIIAN OR OTHER PACIFIC ISLANDER,1954-05-27,2025-02-20
VGS-DEMO-101-0035,F,BLACK OR AFRICAN AMERICAN,2003-12-09,2025-02-14
VGS-DEMO-101-0036,F,BLACK OR AFRICAN AMERICAN,2000-07-28,2025-02-01
VGS-DEMO-101-0037,M,AMERICAN INDIAN OR ALASKA NATIVE,1950-12-19,2025-02-10
VGS-DEMO-101-0038,F,WHITE,1987-10-26,2025-01-31
VGS-DEMO-101-0039,F,BLACK OR AFRICAN AMERICAN,1953-01-27,2025-01-29
VGS-DEMO-101-0040,F,NATIVE HAWAIIAN OR OTHER PACIFIC ISLANDER,1950-12-22,2025-01-19
VGS-DEMO-101-0041,M,WHITE,1991-09-16,2025-01-23
VGS-DEMO-101-0042,M,ASIAN,1968-05-20,2025-02-05
VGS-DEMO-101-0043,M,ASIAN,2005-05-27,2025-02-14
VGS-DEMO-101-0044,M,UNKNOWN,1957-03-02,2025-01-30
VGS-DEMO-101-0045,F,BLACK OR AFRICAN AMERICAN,1991-04-13,2025-01-17
VGS-DEMO-101-0046,F,NATIVE HAWAIIAN OR OTHER PACIFIC ISLANDER,1975-07-16,2025-01-23
VGS-DEMO-101-0047,F,AMERICAN INDIAN OR ALASKA NATIVE,1975-10-21,2025-02-13
VGS-DEMO-101-0048,M,ASIAN,1977-04-19,2025-02-08
VGS-DEMO-101-0049,F,ASIAN,1992-09-26,2025-02-05
VGS-DEMO-101-0050,M,ASIAN,1959-04-23,2025-02-03
