STUDYID,SUBJID,SITEID,RFICDAT,BRTHDAT,AGE,AGEU,SEX,RACE,ETHNIC,ARMCD,ARM,COUNTRY,FRSTDSDAT,LSTVISDAT
VGS-DEMO-101,0001,101,04-FEB-2025,06-JUN-1950,75,YEARS,Male,White,Not Hispanic or Latino,B,Drug 10 mg,USA,05-FEB-2025,08-APR-2025
VGS-DEMO-101,0002,102,10-JAN-2025,28-DEC-1968,57,YEARS,Male,White,Not Hispanic or Latino,C,Drug 20 mg,JPN,11-JAN-2025,23-MAR-2025
VGS-DEMO-101,0003,103,10-FEB-2025,05-MAY-1949,76,YEARS,Male,Black or African American,Not Hispanic or Latino,A,Placebo,GBR,16-FEB-2025,08-JUN-2025
VGS-DEMO-101,0004,104,27-JAN-2025,19-JUN-1980,45,YEARS,Female,Native Hawaiian or Other Pacific Islander,Hispanic or Latino,B,Drug 10 mg,JPN,28-JAN-2025,29-APR-2025
VGS-DEMO-101,0005,100,07-JAN-2025,20-AUG-1999,26,YEARS,Female,Asian,Not Hispanic or Latino,C,Drug 20 mg,DEU,11-JAN-2025,16-MAR-2025
VGS-DEMO-101,0006,101,15-JAN-2025,01-FEB-1996,29,YEARS,Male,White,Not Hispanic or Latino,A,Placebo,GBR,20-JAN-2025,12-MAY-2025
VGS-DEMO-101,0007,102,16-JAN-2025,10-SEP-1958,67,YEARS,U,White,Not Hispanic or Latino,B,Drug 10 mg,DEU,20-JAN-2025,30-MAR-2025
VGS-DEMO-101,0008,103,08-JAN-2025,10-NOV-1947,78,YEARS,Female,White,Not Hispanic or Latino,C,Drug 20 mg,JPN,12-JAN-2025,19-MAR-2025
VGS-DEMO-101,0009,104,03-FEB-2025,06-APR-1961,64,YEARS,Male,American Indian or Alaska Native,Not Hispanic or Latino,A,Placebo,JPN,04-FEB-2025,06-MAY-2025
VGS-DEMO-101,0010,100,14-FEB-2025,23-OCT-1948,77,YEARS,Male,Asian,Not Hispanic or Latino,B,Drug 10 mg,GBR,16-FEB-2025,10-MAY-2025
VGS-DEMO-101,0011,101,15-FEB-2025,16-JUL-1963,62,YEARS,Female,Asian,Hispanic or Latino,C,Drug 20 mg,JPN,19-FEB-2025,04-JUN-2025
VGS-DEMO-101,0012,102,05-FEB-2025,22-DEC-1998,27,YEARS,Male,American Indian or Alaska Native,Hispanic or Latino,A,Placebo,DEU,06-FEB-2025,05-JUN-2025
VGS-DEMO-101,0013,103,03-FEB-2025,10-APR-1999,26,YEARS,Female,White,Hispanic or Latino,B,Drug 10 mg,GBR,08-FEB-2025,13-APR-2025
VGS-DEMO-101,0014,104,14-FEB-2025,09-JAN-1972,53,YEARS,Male,Asian,Not Hispanic or Latino,C,Drug 20 mg,DEU,17-FEB-2025,21-MAY-2025
VGS-DEMO-101,0015,100,29-JAN-2025,17-NOV-1959,66,YEARS,Female,White,Hispanic or Latino,A,Placebo,USA,03-FEB-2025,27-APR-2025
VGS-DEMO-101,0016,101,06-JAN-2025,25-OCT-1991,34,YEARS,Female,American Indian or Alaska Native,Hispanic or Latino,B,Drug 10 mg,USA,09-JAN-2025,01-APR-2025
VGS-DEMO-101,0017,102,17-JAN-2025,23-DEC-1983,42,YEARS,Male,Native Hawaiian or Other Pacific Islander,Hispanic or Latino,C,Drug 20 mg,JPN,20-JAN-2025,23-MAR-2025
VGS-DEMO-101,0018,103,15-FEB-2025,26-NOV-1997,28,YEARS,Female,Asian,Hispanic or Latino,A,Placebo,JPN,16-FEB-2025,16-JUN-2025
VGS-DEMO-101,0019,104,28-JAN-2025,05-JAN-1993,32,YEARS,Female,Asian,Not Hispanic or Latino,B,Drug 10 mg,GBR,04-FEB-2025,19-MAY-2025
VGS-DEMO-101,0020,100,06-FEB-2025,04-FEB-1996,29,YEARS,Male,Asian,Not Hispanic or Latino,C,Drug 20 mg,USA,12-FEB-2025,30-APR-2025
VGS-DEMO-101,0021,101,03-FEB-2025,03-JAN-1978,47,YEARS,Male,Native Hawaiian or Other Pacific Islander,Hispanic or Latino,A,Placebo,DEU,08-FEB-2025,23-APR-2025
VGS-DEMO-101,0022,102,21-JAN-2025,02-JAN-1953,72,YEARS,Female,American Indian or Alaska Native,Not Hispanic or Latino,B,Drug 10 mg,GBR,27-JAN-2025,21-APR-2025
VGS-DEMO-101,0023,103,01-FEB-2025,17-JUN-1974,51,YEARS,Male,Asian,Not Hispanic or Latino,C,Drug 20 mg,GBR,04-FEB-2025,02-MAY-2025
VGS-DEMO-101,0024,104,16-JAN-2025,13-MAY-1999,26,YEARS,Male,Native Hawaiian or Other Pacific Islander,Not Hispanic or Latino,A,Placebo,USA,19-JAN-2025,25-MAR-2025
VGS-DEMO-101,0025,100,07-FEB-2025,11-SEP-1966,59,YEARS,Male,White,Not Hispanic or Latino,B,Drug 10 mg,DEU,12-FEB-2025,27-MAY-2025
VGS-DEMO-101,0026,101,11-FEB-2025,15-JAN-1951,74,YEARS,Female,American Indian or Alaska Native,Hispanic or Latino,C,Drug 20 mg,GBR,15-FEB-2025,06-MAY-2025
VGS-DEMO-101,0027,102,07-JAN-2025,15-DEC-1981,44,YEARS,Male,Asian,Not Hispanic or Latino,A,Placebo,DEU,12-JAN-2025,14-APR-2025
VGS-DEMO-101,0028,103,13-JAN-2025,18-NOV-1952,73,YEARS,Female,Black or African American,Not Hispanic or Latino,B,Drug 10 mg,JPN,14-JAN-2025,08-MAY-2025
VGS-DEMO-101,0029,104,13-FEB-2025,07-JUL-1960,65,YEARS,Female,Asian,Not Hispanic or Latino,C,Drug 20 mg,IND,14-FEB-2025,21-APR-2025
VGS-DEMO-101,0030,100,12-FEB-2025,28-APR-1985,40,YEARS,Male,American Indian or Alaska Native,Hispanic or Latino,A,Placebo,DEU,15-FEB-2025,04-MAY-2025
VGS-DEMO-101,0031,101,21-JAN-2025,28-AUG-1951,74,YEARS,Female,Black or African American,Not Hispanic or Latino,B,Drug 10 mg,DEU,23-JAN-2025,18-MAY-2025
VGS-DEMO-101,0032,102,26-JAN-2025,05-JUL-1981,44,YEARS,Male,American Indian or Alaska Native,Hispanic or Latino,C,Drug 20 mg,DEU,27-JAN-2025,01-MAY-2025
VGS-DEMO-101,0033,103,30-JAN-2025,01-OCT-1958,67,YEARS,Male,American Indian or Alaska Native,Hispanic or Latino,A,Placebo,DEU,04-FEB-2025,16-APR-2025
VGS-DEMO-101,0034,104,13-FEB-2025,27-MAY-1954,71,YEARS,Male,Native Hawaiian or Other Pacific Islander,Hispanic or Latino,B,Drug 10 mg,DEU,20-FEB-2025,08-MAY-2025
VGS-DEMO-101,0035,100,11-FEB-2025,09-DEC-2003,22,YEARS,Female,Black or African American,Not Hispanic or Latino,C,Drug 20 mg,IND,14-FEB-2025,23-MAY-2025
VGS-DEMO-101,0036,101,27-JAN-2025,28-JUL-2000,25,YEARS,Female,Black or African American,Hispanic or Latino,A,Placebo,GBR,01-FEB-2025,23-MAY-2025
VGS-DEMO-101,0037,102,04-FEB-2025,19-DEC-1950,75,YEARS,Male,American Indian or Alaska Native,Not Hispanic or Latino,B,Drug 10 mg,JPN,10-FEB-2025,18-MAY-2025
VGS-DEMO-101,0038,103,24-JAN-2025,26-OCT-1987,38,YEARS,Female,White,Not Hispanic or Latino,C,Drug 20 mg,USA,31-JAN-2025,04-APR-2025
VGS-DEMO-101,0039,104,27-JAN-2025,27-JAN-1953,72,YEARS,Female,Black or African American,Not Hispanic or Latino,A,Placebo,IND,29-JAN-2025,11-MAY-2025
VGS-DEMO-101,0040,100,13-JAN-2025,22-DEC-1950,75,YEARS,Female,Native Hawaiian or Other Pacific Islander,Hispanic or Latino,B,Drug 10 mg,GBR,19-JAN-2025,27-APR-2025
VGS-DEMO-101,0041,101,18-JAN-2025,16-SEP-1991,34,YEARS,Male,White,Not Hispanic or Latino,C,Drug 20 mg,GBR,23-JAN-2025,23-APR-2025
VGS-DEMO-101,0042,102,29-JAN-2025,20-MAY-1968,57,YEARS,Male,Asian,Hispanic or Latino,A,Placebo,USA,05-FEB-2025,01-JUN-2025
VGS-DEMO-101,0043,103,13-FEB-2025,27-MAY-2005,20,YEARS,Male,Asian,Hispanic or Latino,B,Drug 10 mg,IND,14-FEB-2025,01-MAY-2025
VGS-DEMO-101,0044,104,27-JAN-2025,02-MAR-1957,68,YEARS,Male,,Hispanic or Latino,C,Drug 20 mg,IND,30-JAN-2025,08-APR-2025
VGS-DEMO-101,0045,100,11-JAN-2025,13-APR-1991,34,YEARS,Female,Black or African American,Not Hispanic or Latino,A,Placebo,DEU,17-JAN-2025,12-APR-2025
VGS-DEMO-101,0046,101,22-JAN-2025,16-JUL-1975,50,YEARS,Female,Native Hawaiian or Other Pacific Islander,Not Hispanic or Latino,B,Drug 10 mg,USA,23-JAN-2025,09-MAY-2025
VGS-DEMO-101,0047,102,09-FEB-2025,21-OCT-1975,50,YEARS,Female,American Indian or Alaska Native,Hispanic or Latino,C,Drug 20 mg,DEU,13-FEB-2025,15-MAY-2025
VGS-DEMO-101,0048,103,06-FEB-2025,19-APR-1977,48,YEARS,Male,Asian,Not Hispanic or Latino,A,Placebo,DEU,08-FEB-2025,14-MAY-2025
VGS-DEMO-101,0049,104,30-JAN-2025,26-SEP-1992,33,YEARS,Female,Asian,Hispanic or Latino,B,Drug 10 mg,GBR,05-FEB-2025,13-APR-2025
VGS-DEMO-101,0050,100,02-FEB-2025,23-APR-1959,66,YEARS,Male,Asian,Hispanic or Latino,C,Drug 20 mg,JPN,03-FEB-2025,02-MAY-2025
